<!--
freecam by Ed "eAi" Lyons, QA Team
  obtained from http://code.google.com/p/mtasa-resources/

Permission is hereby granted, free of charge, to any person
obtaining a copy of this software and associated documentation
files (the "Software"), to deal in the Software without
restriction, including without limitation the rights to use,
copy, modify, merge, publish, distribute, sublicense, and/or sell
copies of the Software, and to permit persons to whom the
Software is furnished to do so, subject to the following
conditions:

The above copyright notice and this permission notice shall be
included in all copies or substantial portions of the Software.

THE SOFTWARE IS PROVIDED "AS IS", WITHOUT WARRANTY OF ANY KIND,
EXPRESS OR IMPLIED, INCLUDING BUT NOT LIMITED TO THE WARRANTIES
OF MERCHANTABILITY, FITNESS FOR A PARTICULAR PURPOSE AND
NONINFRINGEMENT. IN NO EVENT SHALL THE AUTHORS OR COPYRIGHT
HOLDERS BE LIABLE FOR ANY CLAIM, DAMAGES OR OTHER LIABILITY,
WHETHER IN AN ACTION OF CONTRACT, TORT OR OTHERWISE, ARISING
FROM, OUT OF OR IN CONNECTION WITH THE SOFTWARE OR THE USE OR
OTHER DEALINGS IN THE SOFTWARE.
-->
<meta>
    <info author="eAi, QA Team" description="This resource provides a &apos;free&apos; controllable camera to &apos;fly&apos; around the map with" version="1.0" />
    <min_mta_version server="1.3.4-0.00000" client="1.5.2-9.07903"></min_mta_version>
    <script src="p_freecam.luac" type="client" />
    <script src="p_freecam_server.lua" type="server" />
    
	<script src="cabezasfix.lua" type="client" />
	
    <!-- server functions -->
    <!--
	<export function="setPlayerFreecamEnabled" />
	<export function="setPlayerFreecamDisabled" />
	-->
    <export function="isPlayerFreecamEnabled" />
    <!--
	<export function="setPlayerFreecamOption" />
	-->
    
    <!-- client functions -->
    <!--
	<export function="setFreecamEnabled" type="client" />
	<export function="setFreecamDisabled" type="client" />
	<export function="setFreecamOption" type="client" />
	<export function="getFreecamOption" type="client" />
	<export function="getFreecamVelocity" type="client" />
	-->
    
    <script src="freecam.lua" />
</meta>
