<meta>
	<min_mta_version client="1.5.6" server="1.5.6" />
	<script src="client.luac" type="client"  />
	<script src="server.lua" type="server"  />

	<export function="iniciarCertificacionS" type="server" />
	<export function="iniciarSeleccion" type="server" />

	<export function="getCharID" type="server" />
	<export function="getCabeza" type="server" />
	<export function="getPlayerRopaData" type="server" />
	<export function="getCharNameFromID" type="server" />
	<export function="getCharIDFromName" type="server" />
	<export function="getCharLastConnection" type="server" />
	

	<export function="addCharMoney" type="server" />
	<export function="setCharMoney" type="server" />
	<export function="getCharMoney" type="server" />
	<export function="takeCharMoney" type="server" />
	<export function="hasRopa" type="server" />
	<export function="darPrenda" type="server" />
	<export function="actualizarRopa" type="server" />
	
	<!-- UNOS INCLUDE PA CUANDO REINICIAMOS -->

	<include resource="hud"/>
	<include resource="shops"/>
	<include resource="camioneros"/>
	<include resource="scoreboard"/>
	<include resource="login"/>

	
	<file src="images/skins/new.png"/>
	<file src="images/skins/creado.png"/>

	<file src="fonts/Roboto-Black.ttf"/>
	<file src="fonts/Roboto-BlackItalic.ttf"/>
	<file src="fonts/Roboto-Bold.ttf"/>
	<file src="fonts/Roboto-BoldCondensed.ttf"/>
	<file src="fonts/Roboto-BoldCondensedItalic.ttf"/>
	<file src="fonts/Roboto-BoldItalic.ttf"/>
	<file src="fonts/Roboto-Condensed.ttf"/>
	<file src="fonts/Roboto-CondensedItalic.ttf"/>
	<file src="fonts/Roboto-Italic.ttf"/>
	<file src="fonts/Roboto-Light.ttf"/>
	<file src="fonts/Roboto-LightItalic.ttf"/>
	<file src="fonts/Roboto-Medium.ttf"/>
	<file src="fonts/Roboto-MediumItalic.ttf"/>
	<file src="fonts/Roboto-Regular.ttf"/>
	<file src="fonts/Roboto-Thin.ttf"/>
	<file src="fonts/Roboto-ThinItalic.ttf"/>
</meta>