<meta>
    <info type="map" version="1.0.0"></info>
    
    <!--Exteriores -->
    <map src="Exteriores/mapeoGeneral.map" dimension="0"></map>
    <map src="Exteriores/Playa-Palomino.map" dimension="0"></map>
    <map src="Exteriores/Skate-Park.map" dimension="0"></map>
    <map src="Exteriores/TTL-MontGomery.map" dimension="0"></map>
    <!--<map src="Exteriores/Hallown.map" dimension="0"></map>
    <map src="Exteriores/Fixeo-Hallown.map" dimension="0"></map>-->
    
    <!--Interiores -->
    <map src="Interiores/Interior-Corte.map" dimension="-1"></map>
    <map src="Interiores/Interior-Biblioteca.map" dimension="-1"></map>
    <map src="Interiores/Interior-Ayuntamiento.map" dimension="-1"></map>
    <map src="Interiores/Interior-Interrogatorio.map" dimension="-1"></map>
    <map src="Interiores/Interior-Comisaria.map" dimension="-1"></map>
    <map src="Interiores/Interior-Hospital.map" dimension="-1"></map>
    <map src="Interiores/Interior-Banco.map" dimension="-1"></map>
    <map src="Interiores/Interior-BancoSF.map" dimension="-1"></map>
    <map src="Interiores/Interior-Bar1.map" dimension="-1"></map>
    <map src="Interiores/Interior-Discoteca.map" dimension="-1"></map>
    <map src="Interiores/Interior-Wildsmc.map" dimension="-1"></map>
    <map src="Interiores/Interior-Iglesia.map" dimension="-1"></map>
    <map src="Interiores/Interior-Radio2.map" dimension="-1"></map>
    <map src="Interiores/Interior-GSFPD.map" dimension="-1"></map>
    <map src="Interiores/Interior-Container.map" dimension="-1"></map>
    <map src="Interiores/Interior-Bombero.map" dimension="-1"></map>
    <map src="Interiores/Interior-Armeria.map" dimension="-1"></map>
    <map src="Interiores/Interior-ComisariaSFPD.map" dimension="-1"></map>
    <map src="Interiores/Interior-Zulo.map" dimension="-1"></map>
    <map src="Interiores/Interior-Cloacas.map" dimension="1718"></map>
    <map src="Interiores/Interior-ClubDiscomap.map" dimension="-1"></map>
    <map src="Interiores/Interior-LaboratorioDrogas.map" dimension="-1"></map>
    <map src="Interiores/Interior-Casa1.map" dimension="-1"></map>
    <map src="Interiores/Interior-Casino1.map" dimension="-1"></map>
    <map src="Interiores/Interior-Garage4.map" dimension="-1"></map>
    <!--<map src="Interiores/Interior-Garage5.map" dimension="-1"></map> Incidencia #118-->
    <map src="Interiores/Interior-Garage6.map" dimension="-1"></map>
    <map src="Interiores/Interior-Almacen1.map" dimension="-1"></map>
    <map src="Interiores/Interior-Gym.map" dimension="-1"></map>
    <map src="Interiores/Interior-Perrera.map" dimension="-1"></map>
    <map src="Interiores/Interior-UFC.map" dimension="-1"></map>
    
    <!--Interiores parcheados y Garages Interiores - Almacenes - Gimnasios -->
    <map src="Interiores/Parche-Bar3.map" dimension="-1"></map>
    <map src="Interiores/Parche-Garaje1.map" dimension="-1"></map>
    <map src="Interiores/Parche-Garaje2.map" dimension="-1"></map>
    <map src="Interiores/Parche-Garaje3.map" dimension="-1"></map>
    
    
    <settings>
        <setting name="#maxplayers" value="[ 128 ]"></setting>
        <setting name="#useLODs" value="[ true ]"></setting>
        <setting name="#gamespeed" value="[ 1 ]"></setting>
        <setting name="#minplayers" value="[ 0 ]"></setting>
        <setting name="#gravity" value="[ 0.0080000003799796104 ]"></setting>
        <setting name="#waveheight" value="[ 0 ]"></setting>
        <setting name="#time" value="11:0"></setting>
        <setting name="#locked_time" value="[ false ]"></setting>
    </settings>
    <script src="mapEditorScriptingExtension_s.lua" type="server"></script>
    <script src="mapEditorScriptingExtension_c.lua" type="client" validate="false" size="953"></script>
</meta>
