<meta>	
	<script src="client/main.lua" type="client" />

	<file src="client/shaders/texture_replace.fx" type="client" />

	<file src="client/img/radar/blips/arrow.png" />
	<file src="client/img/radar/blips/radardisc.png" />
	<file src="client/img/radar/blips/radar_airYard.png" />
	<file src="client/img/radar/blips/radar_ammugun.png" />
	<file src="client/img/radar/blips/radar_barbers.png" />
	<file src="client/img/radar/blips/radar_BIGSMOKE.png" />
	<file src="client/img/radar/blips/radar_boatyard.png" />
	<file src="client/img/radar/blips/radar_bulldozer.png" />
	<file src="client/img/radar/blips/radar_burgerShot.png" />
	<file src="client/img/radar/blips/radar_cash.png" />
	<file src="client/img/radar/blips/radar_CATALINAPINK.png" />
	<file src="client/img/radar/blips/radar_centre.png" />
	<file src="client/img/radar/blips/radar_CESARVIAPANDO.png" />
	<file src="client/img/radar/blips/radar_chicken.png" />
	<file src="client/img/radar/blips/radar_CJ.png" />
	<file src="client/img/radar/blips/radar_CRASH1.png" />
	<file src="client/img/radar/blips/radar_dateDisco.png" />
	<file src="client/img/radar/blips/radar_dateDrink.png" />
	<file src="client/img/radar/blips/radar_dateFood.png" />
	<file src="client/img/radar/blips/radar_diner.png" />
	<file src="client/img/radar/blips/radar_emmetGun.png" />
	<file src="client/img/radar/blips/radar_enemyAttack.png" />
	<file src="client/img/radar/blips/radar_fire.png" />
	<file src="client/img/radar/blips/radar_Flag.png" />
	<file src="client/img/radar/blips/radar_gangB.png" />
	<file src="client/img/radar/blips/radar_gangG.png" />
	<file src="client/img/radar/blips/radar_gangN.png" />
	<file src="client/img/radar/blips/radar_gangP.png" />
	<file src="client/img/radar/blips/radar_gangY.png" />
	<file src="client/img/radar/blips/radar_girlfriend.png" />
	<file src="client/img/radar/blips/radar_gym.png" />
	<file src="client/img/radar/blips/radar_hostpital.png" />
	<file src="client/img/radar/blips/radar_impound.png" />
	<file src="client/img/radar/blips/radar_light.png" />
	<file src="client/img/radar/blips/radar_LocoSyndicate.png" />
	<file src="client/img/radar/blips/radar_MADDOG.png" />
	<file src="client/img/radar/blips/radar_mafiaCasino.png" />
	<file src="client/img/radar/blips/radar_MCSTRAP.png" />
	<file src="client/img/radar/blips/radar_modGarage.png" />
	<file src="client/img/radar/blips/radar_north.png" />
	<file src="client/img/radar/blips/radar_OGLOC.png" />
	<file src="client/img/radar/blips/radar_pizza.png" />
	<file src="client/img/radar/blips/radar_police.png" />
	<file src="client/img/radar/blips/radar_propertyG.png" />
	<file src="client/img/radar/blips/radar_propertyR.png" />
	<file src="client/img/radar/blips/radar_qmark.png" />
	<file src="client/img/radar/blips/radar_race.png" />
	<file src="client/img/radar/blips/radar_runway.png" />
	<file src="client/img/radar/blips/radar_RYDER.png" />
	<file src="client/img/radar/blips/radar_saveGame.png" />
	<file src="client/img/radar/blips/radar_school.png" />
	<file src="client/img/radar/blips/radar_spray.png" />
	<file src="client/img/radar/blips/radar_SWEET.png" />
	<file src="client/img/radar/blips/radar_tattoo.png" />
	<file src="client/img/radar/blips/radar_THETRUTH.png" />
	<file src="client/img/radar/blips/radar_TORENO.png" />
	<file src="client/img/radar/blips/radar_TorenoRanch.png" />
	<file src="client/img/radar/blips/radar_triads.png" />
	<file src="client/img/radar/blips/radar_triadsCasino.png" />
	<file src="client/img/radar/blips/radar_truck.png" />
	<file src="client/img/radar/blips/radar_tshirt.png" />
	<file src="client/img/radar/blips/radar_waypoint.png" />
	<file src="client/img/radar/blips/radar_WOOZIE.png" />
	<file src="client/img/radar/blips/radar_ZERO.png" />
	<file src="client/img/radar/blips/radarRingPlane.png" />


	<file src="client/img/radar/map/radar00.png" />
	<file src="client/img/radar/map/radar01.png" />
	<file src="client/img/radar/map/radar02.png" />
	<file src="client/img/radar/map/radar03.png" />
	<file src="client/img/radar/map/radar04.png" />
	<file src="client/img/radar/map/radar05.png" />
	<file src="client/img/radar/map/radar06.png" />
	<file src="client/img/radar/map/radar07.png" />
	<file src="client/img/radar/map/radar08.png" />
	<file src="client/img/radar/map/radar09.png" />
	<file src="client/img/radar/map/radar10.png" />
	<file src="client/img/radar/map/radar11.png" />
	<file src="client/img/radar/map/radar12.png" />
	<file src="client/img/radar/map/radar13.png" />
	<file src="client/img/radar/map/radar14.png" />
	<file src="client/img/radar/map/radar15.png" />
	<file src="client/img/radar/map/radar16.png" />
	<file src="client/img/radar/map/radar17.png" />
	<file src="client/img/radar/map/radar18.png" />
	<file src="client/img/radar/map/radar19.png" />
	<file src="client/img/radar/map/radar20.png" />
	<file src="client/img/radar/map/radar21.png" />
	<file src="client/img/radar/map/radar22.png" />
	<file src="client/img/radar/map/radar23.png" />
	<file src="client/img/radar/map/radar24.png" />
	<file src="client/img/radar/map/radar25.png" />
	<file src="client/img/radar/map/radar26.png" />
	<file src="client/img/radar/map/radar27.png" />
	<file src="client/img/radar/map/radar28.png" />
	<file src="client/img/radar/map/radar29.png" />
	<file src="client/img/radar/map/radar30.png" />
	<file src="client/img/radar/map/radar31.png" />
	<file src="client/img/radar/map/radar32.png" />
	<file src="client/img/radar/map/radar33.png" />
	<file src="client/img/radar/map/radar34.png" />
	<file src="client/img/radar/map/radar35.png" />
	<file src="client/img/radar/map/radar36.png" />
	<file src="client/img/radar/map/radar37.png" />
	<file src="client/img/radar/map/radar38.png" />
	<file src="client/img/radar/map/radar39.png" />
	<file src="client/img/radar/map/radar40.png" />
	<file src="client/img/radar/map/radar41.png" />
	<file src="client/img/radar/map/radar42.png" />
	<file src="client/img/radar/map/radar43.png" />
	<file src="client/img/radar/map/radar44.png" />
	<file src="client/img/radar/map/radar45.png" />
	<file src="client/img/radar/map/radar46.png" />
	<file src="client/img/radar/map/radar47.png" />
	<file src="client/img/radar/map/radar48.png" />
	<file src="client/img/radar/map/radar49.png" />
	<file src="client/img/radar/map/radar50.png" />
	<file src="client/img/radar/map/radar51.png" />
	<file src="client/img/radar/map/radar52.png" />
	<file src="client/img/radar/map/radar53.png" />
	<file src="client/img/radar/map/radar54.png" />
	<file src="client/img/radar/map/radar55.png" />
	<file src="client/img/radar/map/radar56.png" />
	<file src="client/img/radar/map/radar57.png" />
	<file src="client/img/radar/map/radar58.png" />
	<file src="client/img/radar/map/radar59.png" />
	<file src="client/img/radar/map/radar60.png" />
	<file src="client/img/radar/map/radar61.png" />
	<file src="client/img/radar/map/radar62.png" />
	<file src="client/img/radar/map/radar63.png" />
	<file src="client/img/radar/map/radar64.png" />
	<file src="client/img/radar/map/radar65.png" />
	<file src="client/img/radar/map/radar66.png" />
	<file src="client/img/radar/map/radar67.png" />
	<file src="client/img/radar/map/radar68.png" />
	<file src="client/img/radar/map/radar69.png" />
	<file src="client/img/radar/map/radar70.png" />
	<file src="client/img/radar/map/radar71.png" />
	<file src="client/img/radar/map/radar72.png" />
	<file src="client/img/radar/map/radar73.png" />
	<file src="client/img/radar/map/radar74.png" />
	<file src="client/img/radar/map/radar75.png" />
	<file src="client/img/radar/map/radar76.png" />
	<file src="client/img/radar/map/radar77.png" />
	<file src="client/img/radar/map/radar78.png" />
	<file src="client/img/radar/map/radar79.png" />
	<file src="client/img/radar/map/radar80.png" />
	<file src="client/img/radar/map/radar81.png" />
	<file src="client/img/radar/map/radar82.png" />
	<file src="client/img/radar/map/radar83.png" />
	<file src="client/img/radar/map/radar84.png" />
	<file src="client/img/radar/map/radar85.png" />
	<file src="client/img/radar/map/radar86.png" />
	<file src="client/img/radar/map/radar87.png" />
	<file src="client/img/radar/map/radar88.png" />
	<file src="client/img/radar/map/radar89.png" />
	<file src="client/img/radar/map/radar90.png" />
	<file src="client/img/radar/map/radar91.png" />
	<file src="client/img/radar/map/radar92.png" />
	<file src="client/img/radar/map/radar93.png" />
	<file src="client/img/radar/map/radar94.png" />
	<file src="client/img/radar/map/radar95.png" />
	<file src="client/img/radar/map/radar96.png" />
	<file src="client/img/radar/map/radar97.png" />
	<file src="client/img/radar/map/radar98.png" />
	<file src="client/img/radar/map/radar99.png" />
	<file src="client/img/radar/map/radar100.png" />
	<file src="client/img/radar/map/radar101.png" />
	<file src="client/img/radar/map/radar102.png" />
	<file src="client/img/radar/map/radar103.png" />
	<file src="client/img/radar/map/radar104.png" />
	<file src="client/img/radar/map/radar105.png" />
	<file src="client/img/radar/map/radar106.png" />
	<file src="client/img/radar/map/radar107.png" />
	<file src="client/img/radar/map/radar108.png" />
	<file src="client/img/radar/map/radar109.png" />
	<file src="client/img/radar/map/radar110.png" />
	<file src="client/img/radar/map/radar111.png" />
	<file src="client/img/radar/map/radar112.png" />
	<file src="client/img/radar/map/radar113.png" />
	<file src="client/img/radar/map/radar114.png" />
	<file src="client/img/radar/map/radar115.png" />
	<file src="client/img/radar/map/radar116.png" />
	<file src="client/img/radar/map/radar117.png" />
	<file src="client/img/radar/map/radar118.png" />
	<file src="client/img/radar/map/radar119.png" />
	<file src="client/img/radar/map/radar120.png" />
	<file src="client/img/radar/map/radar121.png" />
	<file src="client/img/radar/map/radar122.png" />
	<file src="client/img/radar/map/radar123.png" />
	<file src="client/img/radar/map/radar124.png" />
	<file src="client/img/radar/map/radar125.png" />
	<file src="client/img/radar/map/radar126.png" />
	<file src="client/img/radar/map/radar127.png" />
	<file src="client/img/radar/map/radar128.png" />
	<file src="client/img/radar/map/radar129.png" />
	<file src="client/img/radar/map/radar130.png" />
	<file src="client/img/radar/map/radar131.png" />
	<file src="client/img/radar/map/radar132.png" />
	<file src="client/img/radar/map/radar133.png" />
	<file src="client/img/radar/map/radar134.png" />
	<file src="client/img/radar/map/radar135.png" />
	<file src="client/img/radar/map/radar136.png" />
	<file src="client/img/radar/map/radar137.png" />
	<file src="client/img/radar/map/radar138.png" />
	<file src="client/img/radar/map/radar139.png" />
	<file src="client/img/radar/map/radar140.png" />
	<file src="client/img/radar/map/radar141.png" />
	<file src="client/img/radar/map/radar142.png" />
	<file src="client/img/radar/map/radar143.png" />

</meta>