<meta>

	<file src="Roboto-Black.ttf"/>
	<file src="Roboto-BlackItalic.ttf"/>
	<file src="Roboto-Bold.ttf"/>
	<file src="Roboto-BoldCondensed.ttf"/>
	<file src="Roboto-BoldCondensedItalic.ttf"/>
	<file src="Roboto-BoldItalic.ttf"/>
	<file src="Roboto-Condensed.ttf"/>
	<file src="Roboto-CondensedItalic.ttf"/>
	<file src="Roboto-Italic.ttf"/>
	<file src="Roboto-Light.ttf"/>
	<file src="Roboto-LightItalic.ttf"/>
	<file src="Roboto-Medium.ttf"/>
	<file src="Roboto-MediumItalic.ttf"/>
	<file src="Roboto-Regular.ttf"/>
	<file src="Roboto-Thin.ttf"/>
	<file src="Roboto-ThinItalic.ttf"/>

</meta>