<meta>
    <info author="Aleks" version="1.0" name="Login Panel" description="" type="script" />
    <min_mta_version server="1.3.4-0.00000" client="1.5.2-9.07903"></min_mta_version>
    
    <script src="login_client.luac" type="client" cache="false" />
    <script src="login_server.lua" type="server" cache="false" />
    <file src="index.html" cache="false" />
    <file src="assets/css/reset.css" cache="false" />
    <file src="assets/css/style.css" cache="false" />
    <file src="assets/css/supersized.css" cache="false" />
    <file src="assets/img/progress.gif" cache="false" />
    <file src="assets/img/countryside.png" cache="false" />
    <file src="assets/img/backgrounds/1.jpg" cache="false" />
    <file src="assets/img/backgrounds/2.jpg" cache="false" />
    <file src="assets/img/backgrounds/3.jpg" cache="false" />
    <file src="assets/img/backgrounds/4.jpg" cache="false" />
    <file src="assets/js/jquery-1.8.2.min.js" cache="false" />
    <file src="assets/js/scripts.js" cache="false" />
    <file src="assets/js/supersized.3.2.7.min.js" cache="false" />
    <file src="assets/js/supersized-init.js" cache="false" />
    <file src="files/fonts/roboto.ttf" />
    <file src="files/fonts/icons.ttf" />
    <file src="assets/css/pricedown.ttf" />
    <file src="heartlands.mp3" />
    
    
    <export function="belepesfunkc" http="true" />
    <export function="belepesfunkcregisztral" http="true" />
    
    <export function="addNotification" type="shared" />
    <export function="getNID" />
    <export function="getUserID" />
    
    
</meta>
