<!--
Copyright (c) 2010 MTA: Paradise
Copyright (c) 2020 DownTown RolePlay
Copyright (c) 2017 DownTown Roleplay

This program is free software; you can redistribute it and/or modify
it under the terms of the GNU General Public License as published by
the Free Software Foundation; either version 3 of the License, or
(at your option) any later version.

This program is distributed in the hope that it will be useful,
but WITHOUT ANY WARRANTY; without even the implied warranty of
MERCHANTABILITY or FITNESS FOR A PARTICULAR PURPOSE. See the
GNU General Public License for more details.

You should have received a copy of the GNU General Public License
along with this program. If not, see <http://www.gnu.org/licenses/>.
-->
<meta>
    <info author="Jefferson" name="Sistema de muebles" version="1.2" />
    <script src="mueble.lua" />
    <script src="mueble_list.lua" />
    <script src="mueble_list_c.lua" type="client" size="3838" />
    <script src="mueble_c.lua" type="client" size="8445" />
    
    <script src="tienda_mueble.lua" />
    <script src="tienda_mueble_c.lua" type="client" size="6242" />
    
    <export function="getMueble" type="client" />
    <export function="getNombreMueble" />
    <export function="radioCercana" />
    <export function="getNombreMueble" type="client" />
    <min_mta_version server="1.3.4-0.00000" client="1.5.2-9.07903"></min_mta_version>
</meta>
