<!--
Copyright (c) 2010 MTA: Paradise
Copyright (c) 2020 DownTown RolePlay

This program is free software; you can redistribute it and/or modify
it under the terms of the GNU General Public License as published by
the Free Software Foundation; either version 3 of the License, or
(at your option) any later version.

This program is distributed in the hope that it will be useful,
but WITHOUT ANY WARRANTY; without even the implied warranty of
MERCHANTABILITY or FITNESS FOR A PARTICULAR PURPOSE. See the
GNU General Public License for more details.

You should have received a copy of the GNU General Public License
along with this program. If not, see <http://www.gnu.org/licenses/>.
-->
<meta>
    <script src="chat.lua" />
    <!-- Sends a local message appearing as if the player typed /me <message>.
		parameters:
			(player) sender - player from whom the message is sent from.
			(string) message - the text to send to all nearby players.
		returns:
			(bool) true if successful, false otherwise.
	-->
    <export function="me" />
    
    <!-- Envia localmente un /ame.
		parameters:
			(jugador) especificar el jugador que lo manda
			(string2) el causante o sobre el que va el ame
			(string) el mensaje del ame		
		returns:
			(bool) true if successful, false otherwise.
	-->
    
    <export function="ame" />
    <export function="localizedMessage" />
    <export function="sendLocalOOC" />
    
    <script src="binds_c.lua" type="client" size="1782" />
    <min_mta_version server="1.3.4-0.00000" client="1.5.2-9.07903"></min_mta_version>
</meta>
