<meta>
	<info author="eAi" description="Shows a pretty element tree in the web browser" showInResourceBrowser="true" name="Element browser" />
	<update url="http://code.opencoding.net/mta/updatesite" />

	<script src="elementbrowser.lua" />
	<include resource="ajax"/>
	<export function="getRootElement" http="true"/>
	<export function="getElementChildren" http="true"/>
	<export function="getElementInfo" http="true"/>
	<export function="getAllElementData" http="true"/>
	<export function="func" http="true" />

	<html src="elementbrowser.htm" />
	<html src="plus.gif" raw="true"/>
	<html src="minus.gif" raw="true"/>
	<html src="loading.gif" raw="true"/>
	<html src="script.js" raw="true" />
	<html src="css.css" raw="true" />

	<map src="map.map"/>
</meta>
