<meta>
    <info name="Sistema de Ropas" author="Jefferson" version="1.0.1" type="script" />
    <script src="file_c.lua" type="client" size="11605" />
    <script src="tienda.lua" type="server" />
    <script src="save.lua" type="server" />
    <script src="tienda_c.lua" type="client" size="7917" />
    <export function="getIdUnico" type="server" />
    <export function="getInfoRopa" type="server" />
    <export function="saveClothes" type="server" />
    <export function="applyClothes" type="server" />
    <file src="material/effect.fx" />
    <file src="material/chica.png" />
    <file src="material/support/img/afro.png" />
    <file src="material/support/img/afrobeard.png" />
    <file src="material/support/img/afroblond.png" />
    <file src="material/support/img/afrogoatee.png" />
    <file src="material/support/img/afrotash.png" />
    <file src="material/support/img/balaclava.png" />
    <file src="material/support/img/bald.png" />
    <file src="material/support/img/baldbeard.png" />
    <file src="material/support/img/baldgoatee.png" />
    <file src="material/support/img/baldtash.png" />
    <file src="material/support/img/bandits.png" />
    <file src="material/support/img/bballjackrstar.png" />
    <file src="material/support/img/bbjackrstar.png" />
    <file src="material/support/img/bbjackrim.png" />
    <file src="material/support/img/bbjersey.png" />
    <file src="material/support/img/bbshortred.png" />
    <file src="material/support/img/bbshortwht.png" />
    <file src="material/support/img/beard.png" />
    <file src="material/support/img/boxshort.png" />
    <file src="material/support/img/chongerblue.png" />
    <file src="material/support/img/chongergang.png" />
    <file src="material/support/img/chongergrey.png" />
    <file src="material/support/img/chongerred.png" />
    <file src="material/support/img/coach.png" />
    <file src="material/support/img/coachsemi.png" />
    <file src="material/support/img/cornrows.png" />
    <file src="material/support/img/cornrowsb.png" />
    <file src="material/support/img/country.png" />
    <file src="material/support/img/croupier.png" />
    <file src="material/support/img/cutoffchinos.png" />
    <file src="material/support/img/cutoffchinosblue.png" />
    <file src="material/support/img/cutoffdenims.png" />
    <file src="material/support/img/denimfade.png" />
    <file src="material/support/img/elvishair.png" />
    <file src="material/support/img/field.png" />
    <file src="material/support/img/flattop.png" />
    <file src="material/support/img/flipflop.png" />
    <file src="material/support/img/foot.png" />
    <file src="material/support/img/garagetop.png" />
    <file src="material/support/img/gimpmask.png" />
    <file src="material/support/img/goatee.png" />
    <file src="material/support/img/groovecut.png" />
    <file src="material/support/img/hairblond.png" />
    <file src="material/support/img/hairblue.png" />
    <file src="material/support/img/hairgreen.png" />
    <file src="material/support/img/hairpink.png" />
    <file src="material/support/img/hairred.png" />
    <file src="material/support/img/hands.png" />
    <file src="material/support/img/hawaiired.png" />
    <file src="material/support/img/head.png" />
    <file src="material/support/img/highafro.png" />
    <file src="material/support/img/highfade.png" />
    <file src="material/support/img/hockeytop.png" />
    <file src="material/support/img/hoodjackbeige.png" />
    <file src="material/support/img/hoodyabase5.png" />
    <file src="material/support/img/hoodyablack.png" />
    <file src="material/support/img/hoodyablue.png" />
    <file src="material/support/img/hoodyagreen.png" />
    <file src="material/support/img/hoodyamerc.png" />
    <file src="material/support/img/hoodyarockstar.png" />
    <file src="material/support/img/hoodyb.png" />
    <file src="material/support/img/jhericurl.png" />
    <file src="material/support/img/leather.png" />
    <file src="material/support/img/legsblack.png" />
    <file src="material/support/img/legsboxerswht.png" />
    <file src="material/support/img/legsheart.png" />
    <file src="material/support/img/legspantsgrey.png" />
    <file src="material/support/img/letter.png" />
    <file src="material/support/img/medic.png" />
    <file src="material/support/img/mohawk.png" />
    <file src="material/support/img/mohawkbeard.png" />
    <file src="material/support/img/mohawkblond.png" />
    <file src="material/support/img/mohawkpink.png" />
    <file src="material/support/img/painter.png" />
    <file src="material/support/img/pimp.png" />
    <file src="material/support/img/player_face.png" />
    <file src="material/support/img/player_feet.png" />
    <file src="material/support/img/player_legs.png" />
    <file src="material/support/img/player_torso.png" />
    <file src="material/support/img/policeshirt.png" />
    <file src="material/support/img/sandal.png" />
    <file src="material/support/img/shellsuit.png" />
    <file src="material/support/img/shirtablue.png" />
    <file src="material/support/img/shirtagrey.png" />
    <file src="material/support/img/shirtayellow.png" />
    <file src="material/support/img/shirtbblue.png" />
    <file src="material/support/img/shirtbcheck.png" />
    <file src="material/support/img/shirtbgang.png" />
    <file src="material/support/img/shirtbplaid.png" />
    <file src="material/support/img/shortsgang.png" />
    <file src="material/support/img/shortsgrey.png" />
    <file src="material/support/img/shortskhaki.png" />
    <file src="material/support/img/sleevtbrown.png" />
    <file src="material/support/img/slope.png" />
    <file src="material/support/img/sportjack.png" />
    <file src="material/support/img/suit1blk.png" />
    <file src="material/support/img/suit1blue.png" />
    <file src="material/support/img/suit1gang.png" />
    <file src="material/support/img/suit1grey.png" />
    <file src="material/support/img/suit1red.png" />
    <file src="material/support/img/suit2grn.png" />
    <file src="material/support/img/sweatrstar.png" />
    <file src="material/support/img/tash.png" />
    <file src="material/support/img/torso.png" />
    <file src="material/support/img/trackytop1pro.png" />
    <file src="material/support/img/tshirtblunts.png" />
    <file src="material/support/img/trackytop2eris.png" />
    <file src="material/support/img/tramline.png" />
    <file src="material/support/img/tuxedo.png" />
    <file src="material/support/img/valet.png" />
    <file src="material/support/img/wcoatblue.png" />
    <file src="material/support/img/wedge.png" />
    <!-- Parche Camisetas -->
    <file src="material/support/img/vestblack.png" />
    <file src="material/support/img/vest.png" />
    <file src="material/support/img/tshirt2horiz.png" />
    <file src="material/support/img/tshirtwhite.png" />
    <file src="material/support/img/tshirtilovels.png" />
    <file src="material/support/img/tshirterisyell.png" />
    <file src="material/support/img/tshirterisorn.png" />
    <file src="material/support/img/baskballdrib.png" />
    <file src="material/support/img/baskballrim.png" />
    <file src="material/support/img/sixtyniners.png" />
    <file src="material/support/img/tshirtprored.png" />
    <file src="material/support/img/tshirtproblk.png" />
    <file src="material/support/img/tshirtheatwht.png" />
    <file src="material/support/img/tshirtbobomonk.png" />
    <file src="material/support/img/tshirtbobored.png" />
    <file src="material/support/img/tshirtbase5.png" />
    <file src="material/support/img/tshirtsuburb.png" />
    <file src="material/support/img/tshirtzipcrm.png" />
    <file src="material/support/img/tshirtzipgry.png" />
    <file src="material/support/img/bowling.png" />
    <file src="material/support/img/baskballloc.png" />
    <file src="material/support/img/tshirtlocgrey.png" />
    <file src="material/support/img/tshirtmaddgrey.png" />
    <file src="material/support/img/tshirtmaddgrn.png" />
    <file src="material/support/img/hawaiiwht.png" />
    <file src="material/support/img/suit1yellow.png" />
    <!-- Parche Pantalones -->
    <file src="material/support/img/worktrcamogrn.png" />
    <file src="material/support/img/worktrcamogry.png" />
    <file src="material/support/img/worktrgrey.png" />
    <file src="material/support/img/worktrkhaki.png" />
    <file src="material/support/img/tracktr.png" />
    <file src="material/support/img/tracktreris.png" />
    <file src="material/support/img/jeansdenim.png" />
    <file src="material/support/img/biegetr.png" />
    <file src="material/support/img/tracktrpro.png" />
    <file src="material/support/img/tracktrwhstr.png" />
    <file src="material/support/img/tracktrblue.png" />
    <file src="material/support/img/tracktrgang.png" />
    <file src="material/support/img/shellsuittr.png" />
    <file src="material/support/img/denimsgang.png" />
    <file src="material/support/img/denimsred.png" />
    <file src="material/support/img/chinosbiege.png" />
    <file src="material/support/img/chinoskhaki.png" />
    <file src="material/support/img/chinosblack.png" />
    <file src="material/support/img/chinosblue.png" />
    <file src="material/support/img/leathertr.png" />
    <file src="material/support/img/leathertrchaps.png" />
    <file src="material/support/img/suit1trgrey.png" />
    <file src="material/support/img/suit1trblk.png" />
    <file src="material/support/img/suit1trred.png" />
    <file src="material/support/img/suit1trblue.png" />
    <file src="material/support/img/suit1tryellow.png" />
    <file src="material/support/img/suit1trgreen.png" />
    <file src="material/support/img/suit1trgang.png" />
    <!-- Parche Zapatillas -->
    <file src="material/support/img/cowboyboot2.png" />
    <file src="material/support/img/bask2semi.png" />
    <file src="material/support/img/bask1eris.png" />
    <file src="material/support/img/sneakerbincblu.png" />
    <file src="material/support/img/sneakerbincgang.png" />
    <file src="material/support/img/sneakerbincblk.png" />
    <file src="material/support/img/sandalsock.png" />
    <file src="material/support/img/hitop.png" />
    <file src="material/support/img/convproblk.png" />
    <file src="material/support/img/convproblu.png" />
    <file src="material/support/img/convprogrn.png" />
    <file src="material/support/img/sneakerprored.png" />
    <file src="material/support/img/sneakerproblu.png" />
    <file src="material/support/img/sneakerprowht.png" />
    <file src="material/support/img/bask1problk.png" />
    <file src="material/support/img/bask1prowht.png" />
    <file src="material/support/img/boxingshoe.png" />
    <file src="material/support/img/convheatblk.png" />
    <file src="material/support/img/convheatred.png" />
    <file src="material/support/img/convheatorn.png" />
    <file src="material/support/img/sneakerheatwht.png" />
    <file src="material/support/img/sneakerheatgry.png" />
    <file src="material/support/img/sneakerheatblk.png" />
    <file src="material/support/img/bask2heatwht.png" />
    <file src="material/support/img/bask2heatband.png" />
    <file src="material/support/img/timbergrey.png" />
    <file src="material/support/img/timberred.png" />
    <file src="material/support/img/timberfawn.png" />
    <file src="material/support/img/timberhike.png" />
    <file src="material/support/img/cowboyboot.png" />
    <file src="material/support/img/biker.png" />
    <file src="material/support/img/snakeskin.png" />
    <file src="material/support/img/shoedressblk.png" />
    <file src="material/support/img/shoedressbrn.png" />
    <file src="material/support/img/shoespatz.png" />
    
    <min_mta_version server="1.3.4-0.00000" client="1.5.2-9.07903"></min_mta_version>
</meta>
