<meta>
    <script src="s.lua" type="server"/>
    <script src="c.lua" type="client" />
    
    <export function="cargarRopa" type="server" />
    <export function="getTablaTipo" type="client" />
    <export function="ponerRopa" type="client" />
    <export function="getRopaData" type="client" />
    <export function="ponerRopa" type="server" />
    
    <file src="shader.fx" />
    
    <file src="texturas/Blanco/1.png" />
    <file src="texturas/Blanco/121.png" />

    <file src="texturas/Negro/1.png" />
    <file src="texturas/Latino/1.png" />
    <file src="texturas/Asiatico/1.png" />
    <file src="texturas/Mezcla/2.png" />
    <file src="texturas/Mezcla/3.png" />
    <file src="texturas/Blanco/4.png" />
    <file src="texturas/Negro/4.png" />
    <file src="texturas/Latino/4.png" />
    <file src="texturas/Asiatico/4.png" />
    <file src="texturas/Blanco/5.png" />
    <file src="texturas/Negro/5.png" />
    <file src="texturas/Latino/5.png" />
    <file src="texturas/Asiatico/5.png" />
    <file src="texturas/Blanco/6.png" />
    <file src="texturas/Negro/6.png" />
    <file src="texturas/Latino/6.png" />
    <file src="texturas/Asiatico/6.png" />
    <file src="texturas/Blanco/7.png" />
    <file src="texturas/Negro/7.png" />
    <file src="texturas/Latino/7.png" />
    <file src="texturas/Asiatico/7.png" />
    <file src="texturas/Blanco/8.png" />
    <file src="texturas/Negro/8.png" />
    <file src="texturas/Latino/8.png" />
    <file src="texturas/Asiatico/8.png" />
    <file src="texturas/Blanco/9.png" />
    <file src="texturas/Negro/9.png" />
    <file src="texturas/Latino/9.png" />
    <file src="texturas/Asiatico/9.png" />
    <file src="texturas/Blanco/10.png" />
    <file src="texturas/Negro/10.png" />
    <file src="texturas/Latino/10.png" />
    <file src="texturas/Asiatico/10.png" />
    <file src="texturas/Blanco/11.png" />
    <file src="texturas/Negro/11.png" />
    <file src="texturas/Latino/11.png" />
    <file src="texturas/Asiatico/11.png" />
    <file src="texturas/Mezcla/12.png" />
    <file src="texturas/Mezcla/13.png" />
    <file src="texturas/Blanco/14.png" />
    <file src="texturas/Negro/14.png" />
    <file src="texturas/Latino/14.png" />
    <file src="texturas/Asiatico/14.png" />
    <file src="texturas/Blanco/15.png" />
    <file src="texturas/Negro/15.png" />
    <file src="texturas/Latino/15.png" />
    <file src="texturas/Asiatico/15.png" />
    <file src="texturas/Blanco/16.png" />
    <file src="texturas/Negro/16.png" />
    <file src="texturas/Latino/16.png" />
    <file src="texturas/Asiatico/16.png" />
    <file src="texturas/Blanco/17.png" />
    <file src="texturas/Negro/17.png" />
    <file src="texturas/Latino/17.png" />
    <file src="texturas/Asiatico/17.png" />
    <file src="texturas/Blanco/18.png" />
    <file src="texturas/Negro/18.png" />
    <file src="texturas/Latino/18.png" />
    <file src="texturas/Asiatico/18.png" />
    <file src="texturas/Blanco/19.png" />
    <file src="texturas/Negro/19.png" />
    <file src="texturas/Latino/19.png" />
    <file src="texturas/Asiatico/19.png" />
    <file src="texturas/Blanco/21.png" />
    <file src="texturas/Negro/21.png" />
    <file src="texturas/Latino/21.png" />
    <file src="texturas/Asiatico/21.png" />
    <file src="texturas/Blanco/22.png" />
    <file src="texturas/Negro/22.png" />
    <file src="texturas/Latino/22.png" />
    <file src="texturas/Asiatico/22.png" />
    <file src="texturas/Blanco/23.png" />
    <file src="texturas/Negro/23.png" />
    <file src="texturas/Latino/23.png" />
    <file src="texturas/Asiatico/23.png" />
    <file src="texturas/Blanco/24.png" />
    <file src="texturas/Negro/24.png" />
    <file src="texturas/Latino/24.png" />
    <file src="texturas/Asiatico/24.png" />
    <file src="texturas/Blanco/25.png" />
    <file src="texturas/Negro/25.png" />
    <file src="texturas/Latino/25.png" />
    <file src="texturas/Asiatico/25.png" />
    <file src="texturas/Blanco/28.png" />
    <file src="texturas/Negro/28.png" />
    <file src="texturas/Latino/28.png" />
    <file src="texturas/Asiatico/28.png" />
    <file src="texturas/Blanco/29.png" />
    <file src="texturas/Negro/29.png" />
    <file src="texturas/Latino/29.png" />
    <file src="texturas/Asiatico/29.png" />
    <file src="texturas/Blanco/30.png" />
    <file src="texturas/Negro/30.png" />
    <file src="texturas/Latino/30.png" />
    <file src="texturas/Asiatico/30.png" />
    <file src="texturas/Blanco/31.png" />
    <file src="texturas/Negro/31.png" />
    <file src="texturas/Latino/31.png" />
    <file src="texturas/Asiatico/31.png" />
    <file src="texturas/Blanco/32.png" />
    <file src="texturas/Negro/32.png" />
    <file src="texturas/Latino/32.png" />
    <file src="texturas/Asiatico/32.png" />
    <file src="texturas/Blanco/33.png" />
    <file src="texturas/Negro/33.png" />
    <file src="texturas/Latino/33.png" />
    <file src="texturas/Asiatico/33.png" />
    <file src="texturas/Blanco/34.png" />
    <file src="texturas/Negro/34.png" />
    <file src="texturas/Latino/34.png" />
    <file src="texturas/Asiatico/34.png" />
    <file src="texturas/Blanco/35.png" />
    <file src="texturas/Negro/35.png" />
    <file src="texturas/Latino/35.png" />
    <file src="texturas/Asiatico/35.png" />
    <file src="texturas/Blanco/36.png" />
    <file src="texturas/Negro/36.png" />
    <file src="texturas/Latino/36.png" />
    <file src="texturas/Asiatico/36.png" />
    <file src="texturas/Blanco/37.png" />
    <file src="texturas/Negro/37.png" />
    <file src="texturas/Latino/37.png" />
    <file src="texturas/Asiatico/37.png" />
    <file src="texturas/Blanco/38.png" />
    <file src="texturas/Negro/38.png" />
    <file src="texturas/Latino/38.png" />
    <file src="texturas/Asiatico/38.png" />
    <file src="texturas/Blanco/39.png" />
    <file src="texturas/Negro/39.png" />
    <file src="texturas/Latino/39.png" />
    <file src="texturas/Asiatico/39.png" />
    <file src="texturas/Blanco/40.png" />
    <file src="texturas/Negro/40.png" />
    <file src="texturas/Latino/40.png" />
    <file src="texturas/Asiatico/40.png" />
    <file src="texturas/Blanco/41.png" />
    <file src="texturas/Negro/41.png" />
    <file src="texturas/Latino/41.png" />
    <file src="texturas/Asiatico/41.png" />
    <file src="texturas/Blanco/42.png" />
    <file src="texturas/Negro/42.png" />
    <file src="texturas/Latino/42.png" />
    <file src="texturas/Asiatico/42.png" />
    <file src="texturas/Blanco/45.png" />
    <file src="texturas/Negro/45.png" />
    <file src="texturas/Latino/45.png" />
    <file src="texturas/Asiatico/45.png" />
    <file src="texturas/Blanco/46.png" />
    <file src="texturas/Negro/46.png" />
    <file src="texturas/Latino/46.png" />
    <file src="texturas/Asiatico/46.png" />
    <file src="texturas/Blanco/47.png" />
    <file src="texturas/Negro/47.png" />
    <file src="texturas/Latino/47.png" />
    <file src="texturas/Asiatico/47.png" />
    <file src="texturas/Blanco/48.png" />
    <file src="texturas/Negro/48.png" />
    <file src="texturas/Latino/48.png" />
    <file src="texturas/Asiatico/48.png" />
    <file src="texturas/Blanco/49.png" />
    <file src="texturas/Negro/49.png" />
    <file src="texturas/Latino/49.png" />
    <file src="texturas/Asiatico/49.png" />
    <file src="texturas/Blanco/50.png" />
    <file src="texturas/Negro/50.png" />
    <file src="texturas/Latino/50.png" />
    <file src="texturas/Asiatico/50.png" />
    <file src="texturas/Blanco/51.png" />
    <file src="texturas/Negro/51.png" />
    <file src="texturas/Latino/51.png" />
    <file src="texturas/Asiatico/51.png" />
    <file src="texturas/Blanco/52.png" />
    <file src="texturas/Negro/52.png" />
    <file src="texturas/Latino/52.png" />
    <file src="texturas/Asiatico/52.png" />
    <file src="texturas/Blanco/53.png" />
    <file src="texturas/Negro/53.png" />
    <file src="texturas/Latino/53.png" />
    <file src="texturas/Asiatico/53.png" />
    <file src="texturas/Blanco/54.png" />
    <file src="texturas/Negro/54.png" />
    <file src="texturas/Latino/54.png" />
    <file src="texturas/Asiatico/54.png" />
    <file src="texturas/Blanco/55.png" />
    <file src="texturas/Negro/55.png" />
    <file src="texturas/Latino/55.png" />
    <file src="texturas/Asiatico/55.png" />
    <file src="texturas/Blanco/56.png" />
    <file src="texturas/Negro/56.png" />
    <file src="texturas/Latino/56.png" />
    <file src="texturas/Asiatico/56.png" />
    <file src="texturas/Blanco/57.png" />
    <file src="texturas/Negro/57.png" />
    <file src="texturas/Latino/57.png" />
    <file src="texturas/Asiatico/57.png" />
    <file src="texturas/Blanco/58.png" />
    <file src="texturas/Negro/58.png" />
    <file src="texturas/Latino/58.png" />
    <file src="texturas/Asiatico/58.png" />
    <file src="texturas/Blanco/59.png" />
    <file src="texturas/Negro/59.png" />
    <file src="texturas/Latino/59.png" />
    <file src="texturas/Asiatico/59.png" />
    <file src="texturas/Blanco/60.png" />
    <file src="texturas/Negro/60.png" />
    <file src="texturas/Latino/60.png" />
    <file src="texturas/Asiatico/60.png" />
    <file src="texturas/Blanco/61.png" />
    <file src="texturas/Negro/61.png" />
    <file src="texturas/Latino/61.png" />
    <file src="texturas/Asiatico/61.png" />
    <file src="texturas/Blanco/62.png" />
    <file src="texturas/Negro/62.png" />
    <file src="texturas/Latino/62.png" />
    <file src="texturas/Asiatico/62.png" />
    <file src="texturas/Blanco/63.png" />
    <file src="texturas/Negro/63.png" />
    <file src="texturas/Latino/63.png" />
    <file src="texturas/Asiatico/63.png" />
    <file src="texturas/Blanco/64.png" />
    <file src="texturas/Negro/64.png" />
    <file src="texturas/Latino/64.png" />
    <file src="texturas/Asiatico/64.png" />
    <file src="texturas/Blanco/65.png" />
    <file src="texturas/Negro/65.png" />
    <file src="texturas/Latino/65.png" />
    <file src="texturas/Asiatico/65.png" />
    <file src="texturas/Blanco/66.png" />
    <file src="texturas/Negro/66.png" />
    <file src="texturas/Latino/66.png" />
    <file src="texturas/Asiatico/66.png" />
    <file src="texturas/Blanco/67.png" />
    <file src="texturas/Negro/67.png" />
    <file src="texturas/Latino/67.png" />
    <file src="texturas/Asiatico/67.png" />
    <file src="texturas/Blanco/68.png" />
    <file src="texturas/Negro/68.png" />
    <file src="texturas/Latino/68.png" />
    <file src="texturas/Asiatico/68.png" />
    <file src="texturas/Blanco/69.png" />
    <file src="texturas/Negro/69.png" />
    <file src="texturas/Latino/69.png" />
    <file src="texturas/Asiatico/69.png" />
    <file src="texturas/Blanco/70.png" />
    <file src="texturas/Negro/70.png" />
    <file src="texturas/Latino/70.png" />
    <file src="texturas/Asiatico/70.png" />
    <file src="texturas/Blanco/71.png" />
    <file src="texturas/Negro/71.png" />
    <file src="texturas/Latino/71.png" />
    <file src="texturas/Asiatico/71.png" />
    <file src="texturas/Mezcla/20.png" />
    <file src="texturas/Mezcla/26.png" />
    <file src="texturas/Mezcla/27.png" />
    <file src="texturas/Mezcla/50.png" />
    <file src="texturas/Mezcla/72.png" />
    <file src="texturas/Mezcla/73.png" />
    <file src="texturas/Mezcla/74.png" />
    <file src="texturas/Mezcla/75.png" />
    <file src="texturas/Mezcla/76.png" />
    <file src="texturas/Mezcla/77.png" />
    <file src="texturas/Mezcla/78.png" />
    <file src="texturas/Mezcla/79.png" />
    <file src="texturas/Mezcla/80.png" />
    <file src="texturas/Mezcla/81.png" />
    <file src="texturas/Mezcla/82.png" />
    <file src="texturas/Mezcla/83.png" />
    <file src="texturas/Mezcla/84.png" />
    <file src="texturas/Mezcla/85.png" />
    <file src="texturas/Mezcla/86.png" />
    <file src="texturas/Mezcla/87.png" />
    <file src="texturas/Mezcla/88.png" />
    <file src="texturas/Mezcla/89.png" />
    <file src="texturas/Mezcla/90.png" />
    <file src="texturas/Mezcla/91.png" />
    <file src="texturas/Mezcla/92.png" />
    <file src="texturas/Mezcla/93.png" />
    <file src="texturas/Mezcla/94.png" />
    <file src="texturas/Mezcla/95.png" />
    <file src="texturas/Mezcla/96.png" />
    <file src="texturas/Mezcla/97.png" />
    <file src="texturas/Mezcla/98.png" />
    <file src="texturas/Mezcla/99.png" />
    <file src="texturas/Mezcla/100.png" />
    <file src="texturas/Mezcla/101.png" />
    <file src="texturas/Mezcla/102.png" />
    <file src="texturas/Blanco/103.png" />
    <file src="texturas/Negro/103.png" />
    <file src="texturas/Latino/103.png" />
    <file src="texturas/Asiatico/103.png" />
    <file src="texturas/Blanco/104.png" />
    <file src="texturas/Negro/104.png" />
    <file src="texturas/Latino/104.png" />
    <file src="texturas/Asiatico/104.png" />
    <file src="texturas/Blanco/105.png" />
    <file src="texturas/Negro/105.png" />
    <file src="texturas/Latino/105.png" />
    <file src="texturas/Asiatico/105.png" />
    <file src="texturas/Blanco/106.png" />
    <file src="texturas/Negro/106.png" />
    <file src="texturas/Latino/106.png" />
    <file src="texturas/Asiatico/106.png" />
    <file src="texturas/Blanco/107.png" />
    <file src="texturas/Negro/107.png" />
    <file src="texturas/Latino/107.png" />
    <file src="texturas/Asiatico/107.png" />
    <file src="texturas/Blanco/108.png" />
    <file src="texturas/Negro/108.png" />
    <file src="texturas/Latino/108.png" />
    <file src="texturas/Asiatico/108.png" />
    <file src="texturas/Blanco/109.png" />
    <file src="texturas/Negro/109.png" />
    <file src="texturas/Latino/109.png" />
    <file src="texturas/Asiatico/109.png" />
    <file src="texturas/Blanco/110.png" />
    <file src="texturas/Negro/110.png" />
    <file src="texturas/Latino/110.png" />
    <file src="texturas/Asiatico/110.png" />
    <file src="texturas/Blanco/111.png" />
    <file src="texturas/Negro/111.png" />
    <file src="texturas/Latino/111.png" />
    <file src="texturas/Asiatico/111.png" />
    <file src="texturas/Blanco/112.png" />
    <file src="texturas/Negro/112.png" />
    <file src="texturas/Latino/112.png" />
    <file src="texturas/Asiatico/112.png" />
    <file src="texturas/Blanco/113.png" />
    <file src="texturas/Negro/113.png" />
    <file src="texturas/Latino/113.png" />
    <file src="texturas/Asiatico/113.png" />
    <file src="texturas/Blanco/114.png" />
    <file src="texturas/Negro/114.png" />
    <file src="texturas/Latino/114.png" />
    <file src="texturas/Asiatico/114.png" />
    <file src="texturas/Blanco/115.png" />
    <file src="texturas/Negro/115.png" />
    <file src="texturas/Latino/115.png" />
    <file src="texturas/Asiatico/115.png" />
    <file src="texturas/Blanco/116.png" />
    <file src="texturas/Negro/116.png" />
    <file src="texturas/Latino/116.png" />
    <file src="texturas/Asiatico/116.png" />
    <file src="texturas/Blanco/117.png" />
    <file src="texturas/Negro/117.png" />
    <file src="texturas/Latino/117.png" />
    <file src="texturas/Asiatico/117.png" />
    <file src="texturas/Blanco/118.png" />
    <file src="texturas/Negro/118.png" />
    <file src="texturas/Latino/118.png" />
    <file src="texturas/Asiatico/118.png" />
    <file src="texturas/Blanco/119.png" />
    <file src="texturas/Negro/119.png" />
    <file src="texturas/Latino/119.png" />
    <file src="texturas/Asiatico/119.png" />
    <file src="texturas/Blanco/120.png" />
    <file src="texturas/Negro/120.png" />
    <file src="texturas/Latino/120.png" />
    <file src="texturas/Asiatico/120.png" />
    <file src="texturas/Mezcla/121.png" />
    <file src="texturas/Mezcla/122.png" />
    <file src="texturas/Mezcla/123.png" />
    <file src="texturas/Blanco/124.png" />
    <file src="texturas/Negro/124.png" />
    <file src="texturas/Latino/124.png" />
    <file src="texturas/Asiatico/124.png" />
    <file src="texturas/Mezcla/125.png" />
    <file src="texturas/Mezcla/126.png" />
    <file src="texturas/Blanco/127.png" />
    <file src="texturas/Negro/127.png" />
    <file src="texturas/Latino/127.png" />
    <file src="texturas/Asiatico/127.png" />
    <file src="texturas/Blanco/128.png" />
    <file src="texturas/Negro/128.png" />
    <file src="texturas/Latino/128.png" />
    <file src="texturas/Asiatico/128.png" />



    
    <min_mta_version server="1.3.4-0.00000" client="1.5.2-9.07903"></min_mta_version>
</meta>
