<meta>
    <info author="xXMADEXx y Jefferson" type="script" version="1.0" name="Teléfono de DownTown RP" />
    <!-- scripts -->
    <script src="client_core.lua" type="client" size="54225" />
    <script src="shared_core.lua" type="shared" />
    <script src="server_core.lua" type="server" />
    <script src="apps/2048_c.lua" type="client" size="12704" />
    <script src="apps/default_settings.lua" type="client" size="6477" />
    <script src="apps/flappyBird.lua" type="client" size="11840" />
    <script src="apps/money_server.lua" type="server" />
    <script src="apps/music_client.lua" type="client" size="1743" />
    <script src="apps/settings_client.lua" type="client" size="2383" />
    <script src="apps/settings_server.lua" type="server" />
    <script src="apps/stats_client.lua" type="client" size="2493" />
    <script src="apps/stats_server.lua" type="server" />
    <script src="apps/vehicles_client.lua" type="client" size="2052" />
    <script src="apps/vehicles_server.lua" type="server" />
    <script src="apps/waypoints.lua" type="client" size="3447" />
    
    <export function="enrutarSMS" />
    <export function="enrutarLlamada" />
    
    <!-- files -> Images -->
    <!-- Apps -->
    <file src="fuente.ttf" />
    <file src="images/responder.png" />
    <file src="images/colgar.png" />
    <file src="images/telefonica.png" />
    <file src="images/phone.png" />
    <file src="images/flappyBird.png" />
    <file src="images/app_2048.png" />
    <file src="images/app_bank.png" />
    <file src="images/app_money.png" />
    <file src="images/app_music.png" />
    <file src="images/app_notes.png" />
    <file src="images/app_settings.png" />
    <file src="images/app_sms.png" />
    <file src="images/app_stats.png" />
    <file src="images/app_vehicle.png" />
    <file src="images/app_waypoints.png" />
    <file src="images/app_flappybird.png" />
    <file src="images/app_call.png" />
    <file src="images/app_contacts.png" />
    <file src="images/app_call_records.png" />
    <file src="images/app_off.png" />
    <file src="images/app_calc.png" />
    <file src="images/app_gps.png" />
    <!-- Others -->
    <file src="images/backgrounds/background_1.png" />
    <file src="images/2048/0.png" />
    <file src="images/2048/2.png" />
    <file src="images/2048/4.png" />
    <file src="images/2048/8.png" />
    <file src="images/2048/16.png" />
    <file src="images/2048/32.png" />
    <file src="images/2048/64.png" />
    <file src="images/2048/128.png" />
    <file src="images/2048/256.png" />
    <file src="images/2048/512.png" />
    <file src="images/2048/1024.png" />
    <file src="images/2048/2048.png" />
    <file src="images/2048/background.png" />
    
    <!-- files -> Audio -->
    <file src="audio/0.mp3" />
    <file src="audio/1.mp3" />
    <file src="audio/2.mp3" />
    <file src="audio/3.mp3" />
    <file src="audio/4.mp3" />
    <file src="audio/5.mp3" />
    <file src="audio/6.mp3" />
    <file src="audio/7.mp3" />
    <!-- Flappybird -->
    <file src="audio/flappy_bird/sfx_die.ogg" />
    <file src="audio/flappy_bird/sfx_hit.ogg" />
    <file src="audio/flappy_bird/sfx_point.ogg" />
    <file src="audio/flappy_bird/sfx_swooshing.ogg" />
    <file src="audio/flappy_bird/sfx_wing.ogg" />
    
    <!-- exports -->
    <export function="getSetting" type="client" />
    <export function="updateSetting" type="client" />
    <min_mta_version server="1.3.4-0.00000" client="1.5.2-9.07903"></min_mta_version>
</meta>
