<!--
Copyright (c) 2010 MTA: Paradise
Copyright (c) 2020 DownTown RolePlay

This program is free software; you can redistribute it and/or modify
it under the terms of the GNU General Public License as published by
the Free Software Foundation; either version 3 of the License, or
(at your option) any later version.

This program is distributed in the hope that it will be useful,
but WITHOUT ANY WARRANTY; without even the implied warranty of
MERCHANTABILITY or FITNESS FOR A PARTICULAR PURPOSE. See the
GNU General Public License for more details.

You should have received a copy of the GNU General Public License
along with this program. If not, see <http://www.gnu.org/licenses/>.
-->
<meta>
    <script src="shop_configurations.lua" />
    <script src="shop_configurations.lua" type="client" size="20034" />
    
    <script src="shop.lua" />
    <script src="shop_c.lua" type="client" size="2155" />
    
    <!-- Removes all shops from a dimension.
		parameters:
			(number) dimension - the dimension to remove all shops from.
	-->
    <export function="clearDimension" />
    
    <!-- Returns all dimensions with shops.
		returns:
			(table) a table of all dimensions with shops ( { dimension1 = true, dimension2 = true, ... } )
	-->
    <export function="getAllDimensions" />
    
    <include resource="sql" />
    <include resource="items" />
    <include resource="gui" />
    <min_mta_version server="1.3.4-0.00000" client="1.5.2-9.07903"></min_mta_version>
</meta>
