<meta>
    <info name="Login Panel" author="ALw7sH" version="1.0.0" type="misc" />
    
    <!-- FILES -->
    <file src="img/username.png" />
    <file src="img/password.png" />
    
    <file src="img/off.png" />
    <file src="img/on.png" />
    
    <file src="img/blur.fx" />
    
    <!-- SERVER -->
    <script src="server_main.lua" type="server" />
    
    <!-- CLIENT -->
    <script src="client_util.lua" type="client" size="6959" />
    <script src="client_main.lua" type="client" size="11978" />
    <min_mta_version server="1.3.4-0.00000" client="1.5.2-9.07903"></min_mta_version>
</meta>
