<meta>
    <info author="ThaD4N13L" map_author="Chamberlain" type="script" description="Changes the hud to Chamberlain Radar Map" />
    <script src="c_radar.lua" type="client" size="3795" />
    <file src="texreplace.fx" />
    <file src="radar/radar_0_0.png" />
    <file src="radar/radar_0_1.png" />
    <file src="radar/radar_0_2.png" />
    <file src="radar/radar_0_3.png" />
    <file src="radar/radar_0_4.png" />
    <file src="radar/radar_0_5.png" />
    <file src="radar/radar_0_6.png" />
    <file src="radar/radar_0_7.png" />
    <file src="radar/radar_0_8.png" />
    <file src="radar/radar_0_9.png" />
    <file src="radar/radar_0_10.png" />
    <file src="radar/radar_0_11.png" />
    <file src="radar/radar_1_0.png" />
    <file src="radar/radar_1_1.png" />
    <file src="radar/radar_1_2.png" />
    <file src="radar/radar_1_3.png" />
    <file src="radar/radar_1_4.png" />
    <file src="radar/radar_1_5.png" />
    <file src="radar/radar_1_6.png" />
    <file src="radar/radar_1_7.png" />
    <file src="radar/radar_1_8.png" />
    <file src="radar/radar_1_9.png" />
    <file src="radar/radar_1_10.png" />
    <file src="radar/radar_1_11.png" />
    <file src="radar/radar_2_0.png" />
    <file src="radar/radar_2_1.png" />
    <file src="radar/radar_2_2.png" />
    <file src="radar/radar_2_3.png" />
    <file src="radar/radar_2_4.png" />
    <file src="radar/radar_2_5.png" />
    <file src="radar/radar_2_6.png" />
    <file src="radar/radar_2_7.png" />
    <file src="radar/radar_2_8.png" />
    <file src="radar/radar_2_9.png" />
    <file src="radar/radar_2_10.png" />
    <file src="radar/radar_2_11.png" />
    <file src="radar/radar_3_0.png" />
    <file src="radar/radar_3_1.png" />
    <file src="radar/radar_3_2.png" />
    <file src="radar/radar_3_3.png" />
    <file src="radar/radar_3_4.png" />
    <file src="radar/radar_3_5.png" />
    <file src="radar/radar_3_6.png" />
    <file src="radar/radar_3_7.png" />
    <file src="radar/radar_3_8.png" />
    <file src="radar/radar_3_9.png" />
    <file src="radar/radar_3_10.png" />
    <file src="radar/radar_3_11.png" />
    <file src="radar/radar_4_0.png" />
    <file src="radar/radar_4_1.png" />
    <file src="radar/radar_4_2.png" />
    <file src="radar/radar_4_3.png" />
    <file src="radar/radar_4_4.png" />
    <file src="radar/radar_4_5.png" />
    <file src="radar/radar_4_6.png" />
    <file src="radar/radar_4_7.png" />
    <file src="radar/radar_4_8.png" />
    <file src="radar/radar_4_9.png" />
    <file src="radar/radar_4_10.png" />
    <file src="radar/radar_4_11.png" />
    <file src="radar/radar_5_0.png" />
    <file src="radar/radar_5_1.png" />
    <file src="radar/radar_5_2.png" />
    <file src="radar/radar_5_3.png" />
    <file src="radar/radar_5_4.png" />
    <file src="radar/radar_5_5.png" />
    <file src="radar/radar_5_6.png" />
    <file src="radar/radar_5_7.png" />
    <file src="radar/radar_5_8.png" />
    <file src="radar/radar_5_9.png" />
    <file src="radar/radar_5_10.png" />
    <file src="radar/radar_5_11.png" />
    <file src="radar/radar_6_0.png" />
    <file src="radar/radar_6_1.png" />
    <file src="radar/radar_6_2.png" />
    <file src="radar/radar_6_3.png" />
    <file src="radar/radar_6_4.png" />
    <file src="radar/radar_6_5.png" />
    <file src="radar/radar_6_6.png" />
    <file src="radar/radar_6_7.png" />
    <file src="radar/radar_6_8.png" />
    <file src="radar/radar_6_9.png" />
    <file src="radar/radar_6_10.png" />
    <file src="radar/radar_6_11.png" />
    <file src="radar/radar_7_0.png" />
    <file src="radar/radar_7_1.png" />
    <file src="radar/radar_7_2.png" />
    <file src="radar/radar_7_3.png" />
    <file src="radar/radar_7_4.png" />
    <file src="radar/radar_7_5.png" />
    <file src="radar/radar_7_6.png" />
    <file src="radar/radar_7_7.png" />
    <file src="radar/radar_7_8.png" />
    <file src="radar/radar_7_9.png" />
    <file src="radar/radar_7_10.png" />
    <file src="radar/radar_7_11.png" />
    <file src="radar/radar_8_0.png" />
    <file src="radar/radar_8_1.png" />
    <file src="radar/radar_8_2.png" />
    <file src="radar/radar_8_3.png" />
    <file src="radar/radar_8_4.png" />
    <file src="radar/radar_8_5.png" />
    <file src="radar/radar_8_6.png" />
    <file src="radar/radar_8_7.png" />
    <file src="radar/radar_8_8.png" />
    <file src="radar/radar_8_9.png" />
    <file src="radar/radar_8_10.png" />
    <file src="radar/radar_8_11.png" />
    <file src="radar/radar_9_0.png" />
    <file src="radar/radar_9_1.png" />
    <file src="radar/radar_9_2.png" />
    <file src="radar/radar_9_3.png" />
    <file src="radar/radar_9_4.png" />
    <file src="radar/radar_9_5.png" />
    <file src="radar/radar_9_6.png" />
    <file src="radar/radar_9_7.png" />
    <file src="radar/radar_9_8.png" />
    <file src="radar/radar_9_9.png" />
    <file src="radar/radar_9_10.png" />
    <file src="radar/radar_9_11.png" />
    <file src="radar/radar_10_0.png" />
    <file src="radar/radar_10_1.png" />
    <file src="radar/radar_10_2.png" />
    <file src="radar/radar_10_3.png" />
    <file src="radar/radar_10_4.png" />
    <file src="radar/radar_10_5.png" />
    <file src="radar/radar_10_6.png" />
    <file src="radar/radar_10_7.png" />
    <file src="radar/radar_10_8.png" />
    <file src="radar/radar_10_9.png" />
    <file src="radar/radar_10_10.png" />
    <file src="radar/radar_10_11.png" />
    <file src="radar/radar_11_0.png" />
    <file src="radar/radar_11_1.png" />
    <file src="radar/radar_11_2.png" />
    <file src="radar/radar_11_3.png" />
    <file src="radar/radar_11_4.png" />
    <file src="radar/radar_11_5.png" />
    <file src="radar/radar_11_6.png" />
    <file src="radar/radar_11_7.png" />
    <file src="radar/radar_11_8.png" />
    <file src="radar/radar_11_9.png" />
    <file src="radar/radar_11_10.png" />
    <file src="radar/radar_11_11.png" />
    <min_mta_version server="1.3.4-0.00000" client="1.5.2-9.07903"></min_mta_version>
</meta>
